<?xml version="1.0" encoding="UTF-8"?>
<simplicite xmlns:xsi="http://www.w3.org/2001/XMLSchema-instance" xmlns="http://www.simplicite.fr/base" xsi:schemaLocation="http://www.simplicite.fr/base https://www.simplicite.io/resources/schemas/base.xsd">
<object>
	<name>TrnSupplier</name>
	<action>upsert</action>
	<data>
		<trnSupCode oldvalue="">PANO</trnSupCode>
		<trnSupName oldvalue="">Panoramix</trnSupName>
		<trnSupPhone/>
		<trnSupLogo/>
		<trnSupWebsite/>
	</data>
</object>
<object>
	<name>TrnProduct</name>
	<action>upsert</action>
	<data>
		<trnPrdReference oldvalue="">PANO-1</trnPrdReference>
		<trnPrdPrice oldvalue="">100</trnPrdPrice>
		<trnPrdStock oldvalue="">20</trnPrdStock>
		<trnPrdName oldvalue="">Potion</trnPrdName>
		<trnPrdDescription/>
		<trnPrdPicture/>
		<trnPrdSupId.trnSupCode oldvalue="">PANO</trnPrdSupId.trnSupCode>
		<trnPrdSupId.trnSupName oldvalue="">Panoramix</trnPrdSupId.trnSupName>
	</data>
</object>
<object>
	<name>TrnProduct</name>
	<action>upsert</action>
	<data>
		<trnPrdReference oldvalue="">PANO-2</trnPrdReference>
		<trnPrdPrice oldvalue="">20</trnPrdPrice>
		<trnPrdStock oldvalue="">500</trnPrdStock>
		<trnPrdName oldvalue="">Gourde</trnPrdName>
		<trnPrdDescription/>
		<trnPrdPicture/>
		<trnPrdSupId.trnSupCode oldvalue="">PANO</trnPrdSupId.trnSupCode>
		<trnPrdSupId.trnSupName oldvalue="">Panoramix</trnPrdSupId.trnSupName>
	</data>
</object>
<object>
	<name>TrnProduct</name>
	<action>upsert</action>
	<data>
		<trnPrdReference oldvalue="">PANO-3</trnPrdReference>
		<trnPrdPrice oldvalue="">60</trnPrdPrice>
		<trnPrdStock oldvalue="">2</trnPrdStock>
		<trnPrdName oldvalue="">Serpe</trnPrdName>
		<trnPrdDescription/>
		<trnPrdPicture/>
		<trnPrdSupId.trnSupCode oldvalue="">PANO</trnPrdSupId.trnSupCode>
		<trnPrdSupId.trnSupName oldvalue="">Panoramix</trnPrdSupId.trnSupName>
	</data>
</object>
<object>
	<name>TrnClient</name>
	<action>upsert</action>
	<data>
		<trnCliFirstName oldvalue="">Asterix</trnCliFirstName>
		<trnCliFamilyName oldvalue="">Le Gaulois</trnCliFamilyName>
		<trnCliMail/>
		<trnCliPhone/>
		<trnCliAddress/>
	</data>
</object>
<object>
	<name>TrnClient</name>
	<action>upsert</action>
	<data>
		<trnCliFirstName oldvalue="">Obélix</trnCliFirstName>
		<trnCliFamilyName oldvalue="">Le Gaulois</trnCliFamilyName>
		<trnCliMail/>
		<trnCliPhone/>
		<trnCliAddress/>
	</data>
</object>
<object>
	<name>TrnOrder</name>
	<action>upsert</action>
	<data>
		<trnOrdNumber oldvalue="">ORD-001</trnOrdNumber>
		<trnOrdQuantity oldvalue="">5</trnOrdQuantity>
		<trnOrdDate oldvalue="">2023-12-13</trnOrdDate>
		<trnOrdPrdId.trnPrdReference oldvalue="">PANO-2</trnOrdPrdId.trnPrdReference>
		<trnOrdPrdId.trnPrdPrice oldvalue="">20</trnOrdPrdId.trnPrdPrice>
		<trnOrdPrdId.trnPrdStock oldvalue="">500</trnOrdPrdId.trnPrdStock>
		<trnOrdPrdId.trnPrdName oldvalue="">Gourde</trnOrdPrdId.trnPrdName>
		<trnOrdPrdId.trnPrdSupId.trnSupName oldvalue="">Panoramix</trnOrdPrdId.trnPrdSupId.trnSupName>
		<trnOrdPrdId.trnPrdSupId.trnSupCode oldvalue="">PANO</trnOrdPrdId.trnPrdSupId.trnSupCode>
		<trnOrdCliId.trnCliFirstName oldvalue="">Asterix</trnOrdCliId.trnCliFirstName>
		<trnOrdCliId.trnCliFamilyName oldvalue="">Le Gaulois</trnOrdCliId.trnCliFamilyName>
		<trnOrdCliId.trnCliMail/>
		<trnOrdState oldvalue="">SENT</trnOrdState>
	</data>
</object>
<object>
	<name>TrnOrder</name>
	<action>upsert</action>
	<data>
		<trnOrdNumber oldvalue="">ORD-002</trnOrdNumber>
		<trnOrdQuantity oldvalue="">5</trnOrdQuantity>
		<trnOrdDate oldvalue="">2023-12-13</trnOrdDate>
		<trnOrdPrdId.trnPrdReference oldvalue="">PANO-3</trnOrdPrdId.trnPrdReference>
		<trnOrdPrdId.trnPrdPrice oldvalue="">60</trnOrdPrdId.trnPrdPrice>
		<trnOrdPrdId.trnPrdStock oldvalue="">2</trnOrdPrdId.trnPrdStock>
		<trnOrdPrdId.trnPrdName oldvalue="">Serpe</trnOrdPrdId.trnPrdName>
		<trnOrdPrdId.trnPrdSupId.trnSupName oldvalue="">Panoramix</trnOrdPrdId.trnPrdSupId.trnSupName>
		<trnOrdPrdId.trnPrdSupId.trnSupCode oldvalue="">PANO</trnOrdPrdId.trnPrdSupId.trnSupCode>
		<trnOrdCliId.trnCliFirstName oldvalue="">Obélix</trnOrdCliId.trnCliFirstName>
		<trnOrdCliId.trnCliFamilyName oldvalue="">Le Gaulois</trnOrdCliId.trnCliFamilyName>
		<trnOrdCliId.trnCliMail/>
		<trnOrdState oldvalue="">VALIDATED</trnOrdState>
	</data>
</object>
<object>
	<name>TrnOrder</name>
	<action>upsert</action>
	<data>
		<trnOrdNumber oldvalue="">ORD-003</trnOrdNumber>
		<trnOrdQuantity oldvalue="">4</trnOrdQuantity>
		<trnOrdDate oldvalue="">2023-12-11</trnOrdDate>
		<trnOrdPrdId.trnPrdReference oldvalue="">PANO-1</trnOrdPrdId.trnPrdReference>
		<trnOrdPrdId.trnPrdPrice oldvalue="">100</trnOrdPrdId.trnPrdPrice>
		<trnOrdPrdId.trnPrdStock oldvalue="">20</trnOrdPrdId.trnPrdStock>
		<trnOrdPrdId.trnPrdName oldvalue="">Potion</trnOrdPrdId.trnPrdName>
		<trnOrdPrdId.trnPrdSupId.trnSupName oldvalue="">Panoramix</trnOrdPrdId.trnPrdSupId.trnSupName>
		<trnOrdPrdId.trnPrdSupId.trnSupCode oldvalue="">PANO</trnOrdPrdId.trnPrdSupId.trnSupCode>
		<trnOrdCliId.trnCliFirstName oldvalue="">Asterix</trnOrdCliId.trnCliFirstName>
		<trnOrdCliId.trnCliFamilyName oldvalue="">Le Gaulois</trnOrdCliId.trnCliFamilyName>
		<trnOrdCliId.trnCliMail/>
		<trnOrdState oldvalue="">PENDING</trnOrdState>
	</data>
</object>
</simplicite>
